opponent_elo_bucket_after_1_3,n_events,mean_sum_points_residual_after_1_3,median_sum_points_residual_after_1_3,mean_sum_points_residual_after_1_5,mean_goal_for_residual_after_1_3,mean_goals_against_improvement_after_1_3,boost_rate_after_1_3,strong_boost_rate_after_1_3,strong_negative_rate_after_1_3
Q1_easy_schedule,30,0.7425333194959367,0.7803965490660492,1.4834444232841053,0.20554325952859692,0.1378014719571025,0.5333333333333333,0.23333333333333334,0.13333333333333333
Q4_hard_schedule,30,-0.07497808954396015,-0.30908582026403214,-0.4210874025423173,0.08882283618188642,-0.017372038238461618,0.43333333333333335,0.13333333333333333,0.16666666666666666
Q2_mid_easy,29,-0.21039158552071463,0.2645017414286474,-0.08798355338151145,-0.07649824877780569,-0.2587119386463656,0.5172413793103449,0.1724137931034483,0.3448275862068966
Q3_mid_hard,29,0.4342025928445462,-0.1746254254961914,0.6295212608706134,0.11767937453040775,-0.04154173310936437,0.4482758620689655,0.3448275862068966,0.20689655172413793
