cutoff_matches,beta_elo,seasons,mean_mae,std_mae,mean_prob_actual_position,mean_sim_draw_rate,mean_actual_remaining_draw_rate,mean_sim_goals_per_match,mean_actual_remaining_goals_per_match,mean_lambda_home_remaining,mean_lambda_away_remaining
20,0.1,14,1.8892325396825398,0.5253145245968439,0.17174325396825396,0.2504402740548396,0.24802357213837167,2.6073420295295153,2.6481098746948164,1.3777400400685198,1.2303162904291536
20,0.05,14,1.8986023809523809,0.5361774694891769,0.17139325396825394,0.2526540652770749,0.24802357213837167,2.597537895038883,2.6481098746948164,1.373507118520131,1.2261810529796495
20,0.3,14,1.8993150793650793,0.5292975951466771,0.17406468253968255,0.24365750000017075,0.24802357213837167,2.6437041022417023,2.6481098746948164,1.3959098570700645,1.2483687072079508
20,0.2,14,1.900147619047619,0.5292889632316483,0.17170396825396825,0.24712463705319038,0.24802357213837167,2.625939012520487,2.6481098746948164,1.3865383972227465,1.2390411132465429
20,0.15,14,1.9003825396825396,0.5310355627652906,0.17194206349206348,0.24877666486927538,0.24802357213837167,2.6155770779815923,2.6481098746948164,1.3820995141492283,1.234635326680438
20,0.0,14,1.9020214285714283,0.5334216588981532,0.17005357142857142,0.2542404802893552,0.24802357213837167,2.5915284149417146,2.6481098746948164,1.3694853250270922,1.222242201904719
